show_id,type,title,director,cast,country,date_added,release_year,rating,duration,listed_in,description
s1,Movie,Title 1,Michael Johnson,"Actor C, Actor D",Mexico,24-6-2015,2020,TV-14,104 min,Children & Family Movies,A comedy about unexpected roommates.
s2,Movie,Title 2,Emily Davis,"Actor G, Actor H",Japan,21-5-2020,2006,TV-MA,85 min,Dramas,A thrilling story of love and betrayal.
s3,Movie,Title 3,Jane Doe,"Actor G, Actor H",Japan,1-2-2020,2020,G,83 min,Children & Family Movies,A comedy about unexpected roommates.
s4,Movie,Title 4,Emily Davis,"Actor C, Actor D",India,5-11-2018,2017,PG-13,143 min,Dramas,A comedy about unexpected roommates.
s5,TV Show,Title 5,John Smith,"Actor C, Actor D",Brazil,23-2-2021,2000,TV-14,3 Seasons,Horror,A thrilling story of love and betrayal.
s6,Movie,Title 6,Robert Brown,"Actor A, Actor B",Japan,28-5-2022,2023,PG-13,178 min,Children & Family Movies,A documentary about climate change.
s7,TV Show,Title 7,John Smith,"Actor I, Actor J",United States,24-7-2017,2002,R,9 Seasons,Dramas,A comedy about unexpected roommates.
s8,TV Show,Title 8,Michael Johnson,"Actor E, Actor F",France,20-9-2020,2013,R,6 Seasons,Horror,An inspiring journey of self-discovery.
s9,Movie,Title 9,Robert Brown,"Actor I, Actor J",United States,19-12-2018,2002,TV-14,97 min,Children & Family Movies,An inspiring journey of self-discovery.
s10,Movie,Title 10,Emily Davis,"Actor E, Actor F",Spain,11-1-2020,2008,R,138 min,Action & Adventure,A thrilling story of love and betrayal.
s11,Movie,Title 11,Jane Doe,"Actor G, Actor H",Mexico,26-1-2016,2010,TV-14,139 min,Action & Adventure,A documentary about climate change.
s12,Movie,Title 12,Robert Brown,"Actor C, Actor D",Canada,26-8-2022,2000,R,108 min,Dramas,A thrilling story of love and betrayal.
s13,TV Show,Title 13,John Smith,"Actor C, Actor D",United States,27-6-2015,2007,PG,10 Seasons,Dramas,A thrilling story of love and betrayal.
s14,TV Show,Title 14,John Smith,"Actor E, Actor F",Japan,11-11-2017,2016,TV-MA,4 Seasons,Comedies,A thrilling story of love and betrayal.
s15,TV Show,Title 15,Laura Wilson,"Actor A, Actor B",India,13-9-2016,2016,R,8 Seasons,Children & Family Movies,A horror film set in an abandoned hospital.
s16,TV Show,Title 16,Emily Davis,"Actor E, Actor F",United Kingdom,13-6-2021,2022,R,1 Seasons,Horror,A documentary about climate change.
s17,Movie,Title 17,Laura Wilson,"Actor C, Actor D",India,5-12-2021,2013,G,86 min,Romantic Movies,A comedy about unexpected roommates.
s18,Movie,Title 18,Jane Doe,"Actor E, Actor F",United Kingdom,24-8-2015,2018,PG,174 min,Children & Family Movies,A comedy about unexpected roommates.
s19,TV Show,Title 19,John Smith,"Actor I, Actor J",Canada,21-5-2019,2001,PG-13,6 Seasons,Comedies,A thrilling story of love and betrayal.
s20,Movie,Title 20,John Smith,"Actor I, Actor J",Japan,21-11-2019,2009,PG,140 min,Romantic Movies,An inspiring journey of self-discovery.
s21,TV Show,Title 21,Jane Doe,"Actor I, Actor J",France,17-11-2017,2023,PG,8 Seasons,Action & Adventure,An inspiring journey of self-discovery.
s22,Movie,Title 22,John Smith,"Actor C, Actor D",Brazil,23-9-2015,2021,G,122 min,Dramas,A thrilling story of love and betrayal.
s23,TV Show,Title 23,Jane Doe,"Actor E, Actor F",Japan,18-2-2017,2002,TV-MA,3 Seasons,Horror,A documentary about climate change.
s24,Movie,Title 24,Laura Wilson,"Actor E, Actor F",South Korea,14-8-2018,2014,G,152 min,Romantic Movies,A thrilling story of love and betrayal.
s25,TV Show,Title 25,John Smith,"Actor G, Actor H",India,27-5-2018,2001,R,1 Seasons,Action & Adventure,A comedy about unexpected roommates.
s26,Movie,Title 26,Laura Wilson,"Actor G, Actor H",South Korea,4-10-2020,2003,PG-13,88 min,Documentaries,A horror film set in an abandoned hospital.
s27,TV Show,Title 27,Michael Johnson,"Actor I, Actor J",United Kingdom,4-11-2015,2002,PG-13,1 Seasons,Dramas,A thrilling story of love and betrayal.
s28,TV Show,Title 28,John Smith,"Actor I, Actor J",United Kingdom,21-6-2020,2013,R,8 Seasons,Horror,A documentary about climate change.
s29,Movie,Title 29,Laura Wilson,"Actor A, Actor B",South Korea,22-8-2015,2012,R,167 min,Documentaries,A comedy about unexpected roommates.
s30,Movie,Title 30,John Smith,"Actor E, Actor F",France,24-7-2018,2017,TV-MA,95 min,Comedies,An inspiring journey of self-discovery.
s31,Movie,Title 31,Jane Doe,"Actor A, Actor B",United States,19-8-2016,2010,TV-MA,86 min,Documentaries,A documentary about climate change.
s32,Movie,Title 32,Jane Doe,"Actor G, Actor H",United States,20-10-2015,2016,PG-13,130 min,Children & Family Movies,A comedy about unexpected roommates.
s33,Movie,Title 33,Emily Davis,"Actor E, Actor F",Japan,7-7-2021,2014,PG-13,112 min,Dramas,A thrilling story of love and betrayal.
s34,TV Show,Title 34,Emily Davis,"Actor I, Actor J",Japan,7-1-2018,2011,PG,6 Seasons,Action & Adventure,A comedy about unexpected roommates.
s35,Movie,Title 35,John Smith,"Actor C, Actor D",Mexico,24-10-2023,2006,TV-14,161 min,Dramas,An inspiring journey of self-discovery.
s36,TV Show,Title 36,Laura Wilson,"Actor I, Actor J",Mexico,25-1-2015,2015,PG-13,2 Seasons,Comedies,A horror film set in an abandoned hospital.
s37,TV Show,Title 37,Jane Doe,"Actor I, Actor J",South Korea,6-5-2018,2015,PG,5 Seasons,Documentaries,An inspiring journey of self-discovery.
s38,TV Show,Title 38,Michael Johnson,"Actor G, Actor H",United Kingdom,3-2-2021,2014,TV-MA,7 Seasons,Dramas,A thrilling story of love and betrayal.
s39,TV Show,Title 39,Michael Johnson,"Actor E, Actor F",South Korea,7-8-2016,2008,R,8 Seasons,Romantic Movies,A horror film set in an abandoned hospital.
s40,Movie,Title 40,Laura Wilson,"Actor C, Actor D",United States,15-3-2023,2005,TV-14,61 min,Comedies,A documentary about climate change.
s41,TV Show,Title 41,Emily Davis,"Actor C, Actor D",South Korea,10-8-2020,2013,TV-14,7 Seasons,Documentaries,A documentary about climate change.
s42,Movie,Title 42,Robert Brown,"Actor G, Actor H",Mexico,22-5-2023,2023,PG-13,96 min,Children & Family Movies,An inspiring journey of self-discovery.
s43,TV Show,Title 43,Robert Brown,"Actor E, Actor F",United States,25-11-2019,2017,R,8 Seasons,Romantic Movies,A documentary about climate change.
s44,Movie,Title 44,Emily Davis,"Actor A, Actor B",Brazil,22-11-2018,2005,PG-13,72 min,Action & Adventure,An inspiring journey of self-discovery.
s45,Movie,Title 45,Emily Davis,"Actor C, Actor D",Spain,6-4-2015,2007,TV-MA,77 min,Comedies,An inspiring journey of self-discovery.
s46,Movie,Title 46,Robert Brown,"Actor G, Actor H",South Korea,26-7-2015,2006,PG,170 min,Horror,A documentary about climate change.
s47,TV Show,Title 47,Jane Doe,"Actor G, Actor H",Mexico,18-4-2023,2010,PG-13,9 Seasons,Horror,A horror film set in an abandoned hospital.
s48,Movie,Title 48,Jane Doe,"Actor E, Actor F",Spain,8-7-2017,2003,R,84 min,Action & Adventure,A comedy about unexpected roommates.
s49,Movie,Title 49,Jane Doe,"Actor I, Actor J",France,19-11-2016,2017,TV-MA,139 min,Horror,A comedy about unexpected roommates.
s50,TV Show,Title 50,Jane Doe,"Actor G, Actor H",France,27-1-2021,2004,TV-14,2 Seasons,Documentaries,An inspiring journey of self-discovery.
s51,TV Show,Title 51,Michael Johnson,"Actor A, Actor B",South Korea,16-7-2020,2011,PG-13,2 Seasons,Horror,A documentary about climate change.
s52,Movie,Title 52,John Smith,"Actor C, Actor D",Canada,2-10-2023,2018,TV-14,170 min,Action & Adventure,A documentary about climate change.
s53,Movie,Title 53,Michael Johnson,"Actor E, Actor F",India,8-3-2017,2021,PG,127 min,Dramas,A documentary about climate change.
s54,TV Show,Title 54,Robert Brown,"Actor C, Actor D",India,1-2-2017,2000,PG,10 Seasons,Action & Adventure,A thrilling story of love and betrayal.
s55,TV Show,Title 55,Laura Wilson,"Actor I, Actor J",Mexico,16-4-2022,2000,G,10 Seasons,Children & Family Movies,A horror film set in an abandoned hospital.
s56,TV Show,Title 56,Emily Davis,"Actor A, Actor B",United States,5-7-2022,2000,G,4 Seasons,Action & Adventure,A thrilling story of love and betrayal.
s57,Movie,Title 57,Jane Doe,"Actor A, Actor B",Spain,13-9-2023,2007,R,76 min,Dramas,A comedy about unexpected roommates.
s58,Movie,Title 58,Michael Johnson,"Actor E, Actor F",Canada,19-1-2016,2006,TV-14,153 min,Romantic Movies,A thrilling story of love and betrayal.
s59,Movie,Title 59,Emily Davis,"Actor I, Actor J",United Kingdom,23-10-2015,2014,TV-14,164 min,Children & Family Movies,A horror film set in an abandoned hospital.
s60,TV Show,Title 60,John Smith,"Actor C, Actor D",Brazil,27-5-2022,2020,R,6 Seasons,Documentaries,A comedy about unexpected roommates.
s61,Movie,Title 61,Laura Wilson,"Actor I, Actor J",India,15-7-2023,2013,TV-MA,162 min,Dramas,A horror film set in an abandoned hospital.
s62,TV Show,Title 62,Jane Doe,"Actor A, Actor B",United States,16-11-2023,2023,R,9 Seasons,Children & Family Movies,A comedy about unexpected roommates.
s63,Movie,Title 63,John Smith,"Actor I, Actor J",Mexico,6-3-2023,2021,PG,114 min,Children & Family Movies,A comedy about unexpected roommates.
s64,TV Show,Title 64,Laura Wilson,"Actor I, Actor J",United Kingdom,16-11-2016,2001,R,9 Seasons,Children & Family Movies,A thrilling story of love and betrayal.
s65,Movie,Title 65,Laura Wilson,"Actor I, Actor J",Brazil,9-11-2018,2021,TV-MA,178 min,Comedies,A horror film set in an abandoned hospital.
s66,TV Show,Title 66,John Smith,"Actor A, Actor B",Japan,18-1-2023,2011,G,10 Seasons,Comedies,A horror film set in an abandoned hospital.
s67,Movie,Title 67,Michael Johnson,"Actor E, Actor F",India,2-12-2023,2021,R,86 min,Romantic Movies,A thrilling story of love and betrayal.
s68,TV Show,Title 68,Robert Brown,"Actor I, Actor J",Japan,15-1-2021,2001,TV-14,10 Seasons,Dramas,A documentary about climate change.
s69,TV Show,Title 69,Jane Doe,"Actor C, Actor D",Japan,23-6-2015,2004,G,10 Seasons,Horror,A comedy about unexpected roommates.
s70,Movie,Title 70,Jane Doe,"Actor I, Actor J",France,7-2-2018,2008,TV-MA,96 min,Documentaries,A documentary about climate change.
s71,TV Show,Title 71,Emily Davis,"Actor C, Actor D",South Korea,2-7-2023,2021,R,10 Seasons,Comedies,A comedy about unexpected roommates.
s72,TV Show,Title 72,Jane Doe,"Actor C, Actor D",United States,26-2-2021,2022,TV-14,2 Seasons,Comedies,A horror film set in an abandoned hospital.
s73,TV Show,Title 73,Jane Doe,"Actor I, Actor J",Japan,13-6-2020,2007,R,3 Seasons,Horror,An inspiring journey of self-discovery.
s74,Movie,Title 74,Robert Brown,"Actor I, Actor J",United States,20-5-2019,2000,TV-14,149 min,Comedies,An inspiring journey of self-discovery.
s75,Movie,Title 75,Jane Doe,"Actor G, Actor H",United Kingdom,25-8-2019,2001,PG,66 min,Documentaries,A horror film set in an abandoned hospital.
s76,Movie,Title 76,Jane Doe,"Actor C, Actor D",France,20-8-2015,2015,G,75 min,Comedies,A comedy about unexpected roommates.
s77,TV Show,Title 77,Robert Brown,"Actor A, Actor B",United States,9-6-2015,2015,G,8 Seasons,Children & Family Movies,An inspiring journey of self-discovery.
s78,TV Show,Title 78,Jane Doe,"Actor G, Actor H",India,15-5-2019,2015,PG-13,8 Seasons,Comedies,A thrilling story of love and betrayal.
s79,TV Show,Title 79,Emily Davis,"Actor I, Actor J",Japan,28-11-2016,2001,TV-14,8 Seasons,Comedies,A thrilling story of love and betrayal.
s80,Movie,Title 80,Jane Doe,"Actor C, Actor D",India,6-12-2022,2022,G,120 min,Dramas,An inspiring journey of self-discovery.
s81,TV Show,Title 81,Jane Doe,"Actor I, Actor J",United Kingdom,27-2-2022,2001,PG-13,7 Seasons,Romantic Movies,A horror film set in an abandoned hospital.
s82,TV Show,Title 82,Jane Doe,"Actor A, Actor B",India,24-12-2015,2021,TV-14,4 Seasons,Children & Family Movies,A horror film set in an abandoned hospital.
s83,Movie,Title 83,Emily Davis,"Actor C, Actor D",India,14-2-2016,2001,R,88 min,Action & Adventure,An inspiring journey of self-discovery.
s84,TV Show,Title 84,Robert Brown,"Actor G, Actor H",United States,24-1-2023,2023,TV-MA,7 Seasons,Comedies,A thrilling story of love and betrayal.
s85,TV Show,Title 85,Emily Davis,"Actor A, Actor B",United Kingdom,16-2-2016,2006,PG-13,8 Seasons,Horror,A comedy about unexpected roommates.
s86,TV Show,Title 86,Emily Davis,"Actor E, Actor F",India,4-2-2020,2001,TV-MA,9 Seasons,Comedies,A comedy about unexpected roommates.
s87,TV Show,Title 87,Michael Johnson,"Actor A, Actor B",Brazil,22-1-2021,2022,R,10 Seasons,Action & Adventure,A documentary about climate change.
s88,Movie,Title 88,John Smith,"Actor A, Actor B",Spain,4-1-2022,2017,PG-13,127 min,Dramas,An inspiring journey of self-discovery.
s89,TV Show,Title 89,Robert Brown,"Actor G, Actor H",Mexico,8-7-2017,2000,R,10 Seasons,Comedies,A thrilling story of love and betrayal.
s90,Movie,Title 90,Emily Davis,"Actor E, Actor F",Canada,1-3-2018,2017,TV-MA,111 min,Children & Family Movies,A documentary about climate change.
s91,Movie,Title 91,Emily Davis,"Actor I, Actor J",Brazil,18-3-2015,2019,TV-14,78 min,Documentaries,A thrilling story of love and betrayal.
s92,Movie,Title 92,Michael Johnson,"Actor E, Actor F",South Korea,2-5-2023,2015,R,123 min,Romantic Movies,A documentary about climate change.
s93,Movie,Title 93,John Smith,"Actor G, Actor H",Mexico,25-11-2022,2003,PG,167 min,Comedies,A horror film set in an abandoned hospital.
s94,TV Show,Title 94,Emily Davis,"Actor A, Actor B",Brazil,2-7-2019,2008,R,5 Seasons,Action & Adventure,A documentary about climate change.
s95,Movie,Title 95,Jane Doe,"Actor I, Actor J",France,11-3-2022,2005,TV-MA,109 min,Action & Adventure,A horror film set in an abandoned hospital.
s96,Movie,Title 96,John Smith,"Actor G, Actor H",Mexico,12-11-2019,2011,PG,158 min,Children & Family Movies,A horror film set in an abandoned hospital.
s97,Movie,Title 97,Michael Johnson,"Actor A, Actor B",Canada,18-8-2017,2002,G,77 min,Action & Adventure,A comedy about unexpected roommates.
s98,TV Show,Title 98,John Smith,"Actor E, Actor F",Spain,5-8-2023,2017,TV-14,4 Seasons,Dramas,A thrilling story of love and betrayal.
s99,Movie,Title 99,Emily Davis,"Actor I, Actor J",United States,9-10-2019,2006,R,128 min,Dramas,A documentary about climate change.
s100,TV Show,Title 100,Emily Davis,"Actor A, Actor B",Japan,14-4-2020,2005,TV-14,10 Seasons,Documentaries,A thrilling story of love and betrayal.
s101,Movie,Title 101,Emily Davis,"Actor G, Actor H",France,22-6-2020,2021,TV-14,75 min,Action & Adventure,A horror film set in an abandoned hospital.
s102,Movie,Title 102,Robert Brown,"Actor C, Actor D",Mexico,12-7-2015,2021,TV-14,133 min,Documentaries,An inspiring journey of self-discovery.
s103,Movie,Title 103,Robert Brown,"Actor I, Actor J",Japan,13-10-2022,2017,TV-14,72 min,Dramas,A horror film set in an abandoned hospital.
s104,Movie,Title 104,John Smith,"Actor I, Actor J",Canada,10-6-2022,2006,PG,102 min,Romantic Movies,A horror film set in an abandoned hospital.
s105,TV Show,Title 105,Jane Doe,"Actor G, Actor H",United Kingdom,2-6-2022,2015,G,5 Seasons,Horror,A documentary about climate change.
s106,Movie,Title 106,Emily Davis,"Actor E, Actor F",Canada,18-4-2020,2013,TV-MA,176 min,Action & Adventure,A documentary about climate change.
s107,TV Show,Title 107,Robert Brown,"Actor E, Actor F",United Kingdom,16-7-2021,2011,G,3 Seasons,Dramas,A comedy about unexpected roommates.
s108,Movie,Title 108,John Smith,"Actor I, Actor J",United Kingdom,9-9-2016,2019,PG-13,149 min,Documentaries,A comedy about unexpected roommates.
s109,Movie,Title 109,John Smith,"Actor E, Actor F",Mexico,2-1-2023,2017,TV-14,126 min,Children & Family Movies,A comedy about unexpected roommates.
s110,Movie,Title 110,John Smith,"Actor C, Actor D",France,21-12-2015,2005,PG,127 min,Documentaries,A comedy about unexpected roommates.
s111,TV Show,Title 111,Robert Brown,"Actor A, Actor B",United States,12-4-2019,2020,PG-13,3 Seasons,Comedies,An inspiring journey of self-discovery.
s112,Movie,Title 112,Laura Wilson,"Actor I, Actor J",Brazil,28-8-2018,2002,R,83 min,Action & Adventure,A thrilling story of love and betrayal.
s113,TV Show,Title 113,Laura Wilson,"Actor I, Actor J",South Korea,2-8-2016,2016,PG,6 Seasons,Documentaries,An inspiring journey of self-discovery.
s114,TV Show,Title 114,Jane Doe,"Actor A, Actor B",Japan,24-9-2023,2016,PG-13,9 Seasons,Children & Family Movies,An inspiring journey of self-discovery.
s115,Movie,Title 115,Jane Doe,"Actor C, Actor D",India,4-12-2023,2012,G,77 min,Action & Adventure,A documentary about climate change.
s116,Movie,Title 116,Laura Wilson,"Actor A, Actor B",Canada,27-1-2023,2020,PG-13,87 min,Documentaries,An inspiring journey of self-discovery.
s117,TV Show,Title 117,Laura Wilson,"Actor G, Actor H",United Kingdom,8-7-2017,2020,TV-14,8 Seasons,Action & Adventure,An inspiring journey of self-discovery.
s118,TV Show,Title 118,Robert Brown,"Actor G, Actor H",Japan,18-2-2019,2022,R,6 Seasons,Romantic Movies,A thrilling story of love and betrayal.
s119,Movie,Title 119,Jane Doe,"Actor I, Actor J",United States,12-5-2020,2022,R,123 min,Horror,A thrilling story of love and betrayal.
s120,Movie,Title 120,John Smith,"Actor G, Actor H",Spain,2-2-2019,2012,PG,60 min,Romantic Movies,A comedy about unexpected roommates.
s121,Movie,Title 121,John Smith,"Actor I, Actor J",United Kingdom,22-1-2018,2014,G,78 min,Horror,A documentary about climate change.
s122,TV Show,Title 122,Emily Davis,"Actor E, Actor F",Canada,10-7-2017,2002,TV-14,2 Seasons,Comedies,An inspiring journey of self-discovery.
s123,TV Show,Title 123,John Smith,"Actor I, Actor J",India,15-9-2015,2008,TV-MA,7 Seasons,Comedies,A horror film set in an abandoned hospital.
s124,Movie,Title 124,Robert Brown,"Actor C, Actor D",United States,7-2-2019,2021,R,99 min,Documentaries,An inspiring journey of self-discovery.
s125,Movie,Title 125,Michael Johnson,"Actor E, Actor F",France,25-7-2017,2012,TV-14,157 min,Dramas,A comedy about unexpected roommates.
s126,TV Show,Title 126,Laura Wilson,"Actor I, Actor J",Japan,6-9-2016,2005,G,4 Seasons,Dramas,A documentary about climate change.
s127,Movie,Title 127,Laura Wilson,"Actor I, Actor J",Japan,23-6-2022,2022,R,136 min,Comedies,An inspiring journey of self-discovery.
s128,TV Show,Title 128,Emily Davis,"Actor C, Actor D",Brazil,22-12-2020,2021,PG,10 Seasons,Romantic Movies,A horror film set in an abandoned hospital.
s129,Movie,Title 129,Emily Davis,"Actor E, Actor F",India,2-1-2020,2002,R,79 min,Action & Adventure,A horror film set in an abandoned hospital.
s130,Movie,Title 130,Emily Davis,"Actor G, Actor H",Brazil,14-3-2015,2009,PG-13,130 min,Horror,A thrilling story of love and betrayal.
s131,Movie,Title 131,Laura Wilson,"Actor C, Actor D",Mexico,28-11-2019,2007,TV-MA,118 min,Children & Family Movies,A horror film set in an abandoned hospital.
s132,Movie,Title 132,Robert Brown,"Actor I, Actor J",South Korea,19-6-2015,2001,R,86 min,Dramas,A comedy about unexpected roommates.
s133,Movie,Title 133,Michael Johnson,"Actor C, Actor D",United Kingdom,5-10-2016,2012,PG-13,161 min,Romantic Movies,An inspiring journey of self-discovery.
s134,TV Show,Title 134,Laura Wilson,"Actor G, Actor H",Brazil,22-12-2023,2017,R,3 Seasons,Romantic Movies,A thrilling story of love and betrayal.
s135,Movie,Title 135,Jane Doe,"Actor G, Actor H",France,22-7-2017,2017,PG-13,80 min,Children & Family Movies,An inspiring journey of self-discovery.
s136,Movie,Title 136,John Smith,"Actor G, Actor H",United States,27-7-2023,2011,TV-14,98 min,Dramas,A thrilling story of love and betrayal.
s137,TV Show,Title 137,Laura Wilson,"Actor I, Actor J",Mexico,23-8-2019,2012,R,6 Seasons,Horror,A horror film set in an abandoned hospital.
s138,TV Show,Title 138,Jane Doe,"Actor I, Actor J",Mexico,16-7-2017,2005,PG,3 Seasons,Horror,A thrilling story of love and betrayal.
s139,TV Show,Title 139,Robert Brown,"Actor C, Actor D",France,8-9-2019,2001,G,3 Seasons,Comedies,An inspiring journey of self-discovery.
s140,Movie,Title 140,John Smith,"Actor I, Actor J",India,11-9-2021,2008,G,71 min,Children & Family Movies,A comedy about unexpected roommates.
s141,Movie,Title 141,Jane Doe,"Actor I, Actor J",Brazil,26-3-2016,2014,R,177 min,Romantic Movies,A thrilling story of love and betrayal.
s142,TV Show,Title 142,John Smith,"Actor G, Actor H",United States,1-8-2018,2004,G,1 Seasons,Comedies,A comedy about unexpected roommates.
s143,TV Show,Title 143,Jane Doe,"Actor I, Actor J",France,15-9-2017,2008,TV-14,4 Seasons,Children & Family Movies,An inspiring journey of self-discovery.
s144,Movie,Title 144,Laura Wilson,"Actor I, Actor J",Canada,13-12-2019,2017,TV-14,84 min,Romantic Movies,An inspiring journey of self-discovery.
s145,TV Show,Title 145,Michael Johnson,"Actor A, Actor B",France,18-5-2015,2013,PG-13,4 Seasons,Children & Family Movies,A horror film set in an abandoned hospital.
s146,TV Show,Title 146,Jane Doe,"Actor C, Actor D",Spain,24-4-2020,2020,TV-14,3 Seasons,Horror,A comedy about unexpected roommates.
s147,TV Show,Title 147,Jane Doe,"Actor C, Actor D",Japan,23-12-2016,2022,PG,5 Seasons,Comedies,A thrilling story of love and betrayal.
s148,Movie,Title 148,Laura Wilson,"Actor I, Actor J",Mexico,20-9-2015,2012,TV-14,153 min,Horror,A thrilling story of love and betrayal.
s149,Movie,Title 149,John Smith,"Actor I, Actor J",United Kingdom,14-6-2021,2010,PG,173 min,Comedies,A comedy about unexpected roommates.
s150,Movie,Title 150,John Smith,"Actor G, Actor H",Canada,18-3-2018,2018,TV-14,171 min,Documentaries,A horror film set in an abandoned hospital.
s151,Movie,Title 151,Robert Brown,"Actor A, Actor B",Canada,25-8-2016,2007,TV-14,108 min,Dramas,A thrilling story of love and betrayal.
s152,Movie,Title 152,Jane Doe,"Actor A, Actor B",United States,21-10-2023,2022,G,101 min,Children & Family Movies,A documentary about climate change.
s153,Movie,Title 153,Emily Davis,"Actor G, Actor H",Japan,7-5-2018,2010,G,103 min,Action & Adventure,An inspiring journey of self-discovery.
s154,TV Show,Title 154,Michael Johnson,"Actor C, Actor D",Brazil,18-6-2022,2016,R,8 Seasons,Horror,An inspiring journey of self-discovery.
s155,Movie,Title 155,Michael Johnson,"Actor I, Actor J",Spain,8-8-2021,2020,PG-13,121 min,Romantic Movies,An inspiring journey of self-discovery.
s156,TV Show,Title 156,Robert Brown,"Actor I, Actor J",Japan,8-4-2021,2005,PG-13,7 Seasons,Romantic Movies,A comedy about unexpected roommates.
s157,Movie,Title 157,Robert Brown,"Actor I, Actor J",South Korea,13-11-2015,2017,PG-13,60 min,Dramas,An inspiring journey of self-discovery.
s158,TV Show,Title 158,Michael Johnson,"Actor A, Actor B",United Kingdom,18-6-2015,2019,R,8 Seasons,Romantic Movies,A comedy about unexpected roommates.
s159,Movie,Title 159,John Smith,"Actor C, Actor D",United States,22-3-2020,2016,PG-13,173 min,Comedies,A horror film set in an abandoned hospital.
s160,TV Show,Title 160,Robert Brown,"Actor I, Actor J",Japan,10-8-2019,2015,TV-MA,4 Seasons,Romantic Movies,A documentary about climate change.
s161,TV Show,Title 161,John Smith,"Actor A, Actor B",Spain,6-4-2021,2000,PG-13,3 Seasons,Comedies,A comedy about unexpected roommates.
s162,TV Show,Title 162,Emily Davis,"Actor C, Actor D",France,27-9-2021,2014,PG,7 Seasons,Dramas,A comedy about unexpected roommates.
s163,Movie,Title 163,Jane Doe,"Actor G, Actor H",South Korea,5-2-2022,2023,TV-14,102 min,Dramas,A documentary about climate change.
s164,TV Show,Title 164,Jane Doe,"Actor A, Actor B",South Korea,25-10-2016,2002,TV-MA,4 Seasons,Action & Adventure,A comedy about unexpected roommates.
s165,TV Show,Title 165,Michael Johnson,"Actor A, Actor B",United Kingdom,20-4-2023,2002,PG,2 Seasons,Comedies,A horror film set in an abandoned hospital.
s166,TV Show,Title 166,Emily Davis,"Actor C, Actor D",South Korea,17-7-2015,2007,PG-13,7 Seasons,Documentaries,A thrilling story of love and betrayal.
s167,Movie,Title 167,Laura Wilson,"Actor I, Actor J",Brazil,8-4-2021,2006,TV-MA,132 min,Romantic Movies,A comedy about unexpected roommates.
s168,Movie,Title 168,Michael Johnson,"Actor E, Actor F",Canada,20-10-2017,2023,PG,73 min,Dramas,A documentary about climate change.
s169,Movie,Title 169,John Smith,"Actor C, Actor D",France,7-1-2017,2018,R,124 min,Children & Family Movies,A thrilling story of love and betrayal.
s170,TV Show,Title 170,John Smith,"Actor A, Actor B",Japan,21-1-2021,2008,PG-13,7 Seasons,Action & Adventure,A comedy about unexpected roommates.
s171,Movie,Title 171,Jane Doe,"Actor E, Actor F",France,28-12-2022,2015,PG-13,172 min,Action & Adventure,A comedy about unexpected roommates.
s172,TV Show,Title 172,Laura Wilson,"Actor I, Actor J",South Korea,7-10-2021,2002,PG-13,7 Seasons,Documentaries,A comedy about unexpected roommates.
s173,Movie,Title 173,John Smith,"Actor A, Actor B",France,1-2-2019,2020,TV-MA,77 min,Action & Adventure,A comedy about unexpected roommates.
s174,TV Show,Title 174,Emily Davis,"Actor A, Actor B",India,14-10-2022,2017,PG-13,5 Seasons,Children & Family Movies,A documentary about climate change.
s175,TV Show,Title 175,Michael Johnson,"Actor G, Actor H",India,2-10-2021,2022,R,10 Seasons,Comedies,A comedy about unexpected roommates.
s176,TV Show,Title 176,John Smith,"Actor A, Actor B",India,3-6-2021,2020,TV-14,9 Seasons,Action & Adventure,A documentary about climate change.
s177,TV Show,Title 177,Emily Davis,"Actor A, Actor B",South Korea,27-12-2020,2006,R,9 Seasons,Horror,A thrilling story of love and betrayal.
s178,TV Show,Title 178,Emily Davis,"Actor C, Actor D",United Kingdom,1-8-2016,2020,PG,6 Seasons,Action & Adventure,A comedy about unexpected roommates.
s179,TV Show,Title 179,Laura Wilson,"Actor A, Actor B",Canada,21-7-2022,2006,PG,7 Seasons,Dramas,An inspiring journey of self-discovery.
s180,Movie,Title 180,John Smith,"Actor E, Actor F",United States,10-10-2019,2017,TV-MA,97 min,Horror,A comedy about unexpected roommates.
s181,TV Show,Title 181,Laura Wilson,"Actor G, Actor H",Brazil,28-8-2021,2006,G,1 Seasons,Horror,A thrilling story of love and betrayal.
s182,Movie,Title 182,John Smith,"Actor G, Actor H",South Korea,28-12-2016,2003,R,61 min,Dramas,An inspiring journey of self-discovery.
s183,TV Show,Title 183,Robert Brown,"Actor E, Actor F",Spain,11-12-2021,2017,G,10 Seasons,Children & Family Movies,An inspiring journey of self-discovery.
s184,Movie,Title 184,Emily Davis,"Actor E, Actor F",United Kingdom,19-1-2021,2002,TV-MA,120 min,Comedies,An inspiring journey of self-discovery.
s185,Movie,Title 185,Jane Doe,"Actor G, Actor H",South Korea,11-10-2022,2004,TV-MA,85 min,Comedies,A documentary about climate change.
s186,Movie,Title 186,Robert Brown,"Actor E, Actor F",Spain,1-4-2016,2005,G,61 min,Dramas,A horror film set in an abandoned hospital.
s187,Movie,Title 187,Jane Doe,"Actor C, Actor D",France,19-4-2019,2016,TV-14,140 min,Documentaries,A documentary about climate change.
s188,TV Show,Title 188,Robert Brown,"Actor G, Actor H",Mexico,26-6-2023,2004,PG,7 Seasons,Horror,A thrilling story of love and betrayal.
s189,TV Show,Title 189,Emily Davis,"Actor G, Actor H",United States,28-9-2017,2003,G,7 Seasons,Dramas,A thrilling story of love and betrayal.
s190,Movie,Title 190,Laura Wilson,"Actor G, Actor H",South Korea,5-9-2021,2021,TV-MA,152 min,Action & Adventure,A thrilling story of love and betrayal.
s191,TV Show,Title 191,Michael Johnson,"Actor C, Actor D",India,4-7-2022,2007,TV-MA,8 Seasons,Children & Family Movies,A thrilling story of love and betrayal.
s192,TV Show,Title 192,Robert Brown,"Actor G, Actor H",India,4-9-2017,2015,TV-MA,2 Seasons,Romantic Movies,A documentary about climate change.
s193,TV Show,Title 193,Emily Davis,"Actor I, Actor J",France,3-10-2022,2006,TV-14,2 Seasons,Action & Adventure,A documentary about climate change.
s194,Movie,Title 194,John Smith,"Actor E, Actor F",Spain,21-2-2018,2001,TV-14,177 min,Children & Family Movies,A comedy about unexpected roommates.
s195,Movie,Title 195,John Smith,"Actor G, Actor H",Brazil,19-10-2019,2021,PG-13,172 min,Horror,An inspiring journey of self-discovery.
s196,TV Show,Title 196,Laura Wilson,"Actor E, Actor F",France,23-9-2023,2017,PG-13,10 Seasons,Comedies,An inspiring journey of self-discovery.
s197,TV Show,Title 197,Jane Doe,"Actor C, Actor D",Brazil,19-5-2015,2015,TV-14,10 Seasons,Horror,A horror film set in an abandoned hospital.
s198,Movie,Title 198,Michael Johnson,"Actor E, Actor F",Mexico,19-7-2019,2016,PG-13,140 min,Romantic Movies,An inspiring journey of self-discovery.
s199,TV Show,Title 199,Robert Brown,"Actor C, Actor D",United Kingdom,20-8-2015,2013,R,7 Seasons,Comedies,A documentary about climate change.
s200,TV Show,Title 200,John Smith,"Actor C, Actor D",Japan,14-4-2023,2023,PG-13,8 Seasons,Horror,A comedy about unexpected roommates.
